-- MySQL dump 10.13  Distrib 8.0.23, for Win64 (x86_64)
--
-- Host: localhost    Database: salesordersdb
-- ------------------------------------------------------
-- Server version	8.0.23

/*!40101 SET @OLD_CHARACTER_SET_CLIENT=@@CHARACTER_SET_CLIENT */;
/*!40101 SET @OLD_CHARACTER_SET_RESULTS=@@CHARACTER_SET_RESULTS */;
/*!40101 SET @OLD_COLLATION_CONNECTION=@@COLLATION_CONNECTION */;
/*!50503 SET NAMES utf8 */;
/*!40103 SET @OLD_TIME_ZONE=@@TIME_ZONE */;
/*!40103 SET TIME_ZONE='+00:00' */;
/*!40014 SET @OLD_UNIQUE_CHECKS=@@UNIQUE_CHECKS, UNIQUE_CHECKS=0 */;
/*!40014 SET @OLD_FOREIGN_KEY_CHECKS=@@FOREIGN_KEY_CHECKS, FOREIGN_KEY_CHECKS=0 */;
/*!40101 SET @OLD_SQL_MODE=@@SQL_MODE, SQL_MODE='NO_AUTO_VALUE_ON_ZERO' */;
/*!40111 SET @OLD_SQL_NOTES=@@SQL_NOTES, SQL_NOTES=0 */;

--
-- Table structure for table `employees`
--

DROP TABLE IF EXISTS `employees`;
/*!40101 SET @saved_cs_client     = @@character_set_client */;
/*!50503 SET character_set_client = utf8mb4 */;
CREATE TABLE `employees` (
  `emp_id` varchar(100) NOT NULL,
  `paygrade` varchar(100) DEFAULT NULL,
  `region` char(10) DEFAULT NULL,
  `emp_name` varchar(100) DEFAULT NULL,
  PRIMARY KEY (`emp_id`)
) ENGINE=InnoDB DEFAULT CHARSET=utf8mb4 COLLATE=utf8mb4_0900_ai_ci;
/*!40101 SET character_set_client = @saved_cs_client */;

--
-- Dumping data for table `employees`
--

LOCK TABLES `employees` WRITE;
/*!40000 ALTER TABLE `employees` DISABLE KEYS */;
INSERT INTO `employees` VALUES ('EMP234','C13','NW','Bachmann, Jane'),('EMP244','C12','NW','Evans, Gina'),('EMP256','C11','NW','Lawson, Harry'),('EMP267','C14','SW','Clement, Beverly'),('EMP290','C12','SW','Allen, Maude');
/*!40000 ALTER TABLE `employees` ENABLE KEYS */;
UNLOCK TABLES;

--
-- Table structure for table `products`
--

DROP TABLE IF EXISTS `products`;
/*!40101 SET @saved_cs_client     = @@character_set_client */;
/*!50503 SET character_set_client = utf8mb4 */;
CREATE TABLE `products` (
  `PROD_CODE` varchar(100) NOT NULL,
  `PROD_NAME` varchar(100) DEFAULT NULL,
  `URL` varchar(100) DEFAULT NULL,
  `Manufacturer` varchar(100) DEFAULT NULL,
  `Extended_Service_Plan` varchar(100) DEFAULT NULL,
  `Warranty_Price` int DEFAULT NULL,
  PRIMARY KEY (`PROD_CODE`)
) ENGINE=InnoDB DEFAULT CHARSET=utf8mb4 COLLATE=utf8mb4_0900_ai_ci;
/*!40101 SET character_set_client = @saved_cs_client */;

--
-- Dumping data for table `products`
--

LOCK TABLES `products` WRITE;
/*!40000 ALTER TABLE `products` DISABLE KEYS */;
INSERT INTO `products` VALUES ('PROD_001','Gator XUV 590M','https://e-marketing.deere.com/store/landpro-equipmentalexander-ny/ViewAllProducts.do','John Deere','ESP_001',843),('PROD_002','CUV82','https://www.cat.com/en_US/products/new/equipment/utility-vehicles/utility-vehicles/1000034280.html','Cat','ESP_002',843),('PROD_003','1025R Sub-Compact Tractor','https://e-marketing.deere.com/store/landpro-equipmentalexander-ny/ViewAllProducts.do','John Deere','ESP_003',978),('PROD_004','CT1021 Sub-Compact Tractor','https://www.bobcat.com/tractors/models/ct1021/features','Bobcat','ESP_004',843),('PROD_005','UV34 Gas ','https://www.bobcat.com/utility-products/utv/UV34/UV34-gas-utv','Bobcat','ESP_005',843),('PROD_006','ZT2000 Zero Turn Mower','https://www.bobcat.com/mowers/zero-turn-mowers/zt2000','Bobcat','ESP_006',372),('PROD_007','S70 Skid Steer Loader','https://www.bobcat.com/loaders/skid-steer-loaders/models/s70/features','Bobcat','ESP_007',1027),('PROD_008','Z930M Ztrack','https://e-marketing.deere.com/store/landpro-equipmentalexander-ny/ViewAllProducts.do','John Deere','ESP_008',843);
/*!40000 ALTER TABLE `products` ENABLE KEYS */;
UNLOCK TABLES;

--
-- Table structure for table `sales`
--

DROP TABLE IF EXISTS `sales`;
/*!40101 SET @saved_cs_client     = @@character_set_client */;
/*!50503 SET character_set_client = utf8mb4 */;
CREATE TABLE `sales` (
  `sales_index` int NOT NULL,
  `PROD_CODE` varchar(100) DEFAULT NULL,
  `emp_id` varchar(100) DEFAULT NULL,
  `year` int DEFAULT NULL,
  `total_sales` int DEFAULT NULL,
  PRIMARY KEY (`sales_index`)
) ENGINE=InnoDB DEFAULT CHARSET=utf8mb4 COLLATE=utf8mb4_0900_ai_ci;
/*!40101 SET character_set_client = @saved_cs_client */;

--
-- Dumping data for table `sales`
--

LOCK TABLES `sales` WRITE;
/*!40000 ALTER TABLE `sales` DISABLE KEYS */;
INSERT INTO `sales` VALUES (1,'PROD_001','EMP244',2020,2220),(2,'PROD_001','EMP244',2019,1925),(3,'PROD_002','EMP244',2020,1877),(4,'PROD_002','EMP244',2019,1864),(5,'PROD_003','EMP267',2020,1841),(6,'PROD_003','EMP267',2019,1832),(7,'PROD_001','EMP267',2020,1805),(8,'PROD_001','EMP267',2019,1804),(9,'PROD_004','EMP267',2020,1803),(10,'PROD_004','EMP267',2019,1797),(11,'PROD_002','EMP267',2020,1765),(12,'PROD_002','EMP267',2019,1756),(13,'PROD_005','EMP267',2020,1746),(14,'PROD_005','EMP267',2019,1738),(15,'PROD_003','EMP244',2020,1724),(16,'PROD_003','EMP244',2019,1716),(17,'PROD_006','EMP267',2020,1709),(18,'PROD_006','EMP267',2019,1705),(19,'PROD_004','EMP244',2020,1701),(20,'PROD_004','EMP244',2019,1697),(21,'PROD_001','EMP234',2020,1694),(22,'PROD_001','EMP234',2019,1692),(23,'PROD_007','EMP267',2020,1691),(24,'PROD_007','EMP267',2019,1687),(25,'PROD_005','EMP244',2020,1683),(26,'PROD_005','EMP244',2019,1682),(27,'PROD_002','EMP234',2020,1678),(28,'PROD_002','EMP234',2019,1676),(29,'PROD_008','EMP267',2020,1673),(30,'PROD_008','EMP267',2019,1671),(31,'PROD_006','EMP244',2020,1668),(32,'PROD_006','EMP244',2019,1663),(33,'PROD_003','EMP234',2020,1656),(34,'PROD_003','EMP234',2019,1649),(35,'PROD_007','EMP244',2020,1642),(36,'PROD_007','EMP244',2019,1635),(37,'PROD_004','EMP234',2020,1617),(38,'PROD_004','EMP234',2019,1613),(39,'PROD_001','EMP256',2020,1602),(40,'PROD_001','EMP256',2019,1593),(41,'PROD_008','EMP244',2020,1315),(42,'PROD_008','EMP244',2019,1265),(43,'PROD_005','EMP234',2020,1153),(44,'PROD_005','EMP234',2019,1030),(45,'PROD_002','EMP256',2020,969),(46,'PROD_002','EMP256',2019,966),(47,'PROD_006','EMP234',2020,949),(48,'PROD_006','EMP234',2019,945),(49,'PROD_003','EMP256',2020,932),(50,'PROD_003','EMP256',2019,927),(51,'PROD_007','EMP234',2020,885),(52,'PROD_007','EMP234',2019,867),(53,'PROD_004','EMP256',2020,860),(54,'PROD_004','EMP256',2019,834),(55,'PROD_001','EMP290',2020,826),(56,'PROD_001','EMP290',2019,820),(57,'PROD_008','EMP234',2020,816),(58,'PROD_008','EMP234',2019,805),(59,'PROD_005','EMP256',2020,786),(60,'PROD_005','EMP256',2019,687),(61,'PROD_002','EMP290',2020,667),(62,'PROD_002','EMP290',2019,659),(63,'PROD_006','EMP256',2020,640),(64,'PROD_006','EMP256',2019,636),(65,'PROD_003','EMP290',2020,633),(66,'PROD_003','EMP290',2019,631),(67,'PROD_007','EMP256',2020,615),(68,'PROD_007','EMP256',2019,604),(69,'PROD_004','EMP290',2020,602),(70,'PROD_004','EMP290',2019,601),(71,'PROD_008','EMP256',2020,589),(72,'PROD_008','EMP256',2019,579),(73,'PROD_005','EMP290',2020,565),(74,'PROD_005','EMP290',2019,559),(75,'PROD_006','EMP290',2020,532),(76,'PROD_006','EMP290',2019,526),(77,'PROD_007','EMP290',2020,502),(78,'PROD_007','EMP290',2019,502),(79,'PROD_008','EMP290',2020,490),(80,'PROD_008','EMP290',2019,487),(81,'ESP_001','EMP234',2019,202),(82,'ESP_001','EMP234',2020,232),(83,'ESP_001','EMP244',2019,483),(84,'ESP_001','EMP244',2020,560),(85,'ESP_001','EMP256',2019,166),(86,'ESP_001','EMP256',2020,134),(87,'ESP_001','EMP267',2019,339),(88,'ESP_001','EMP267',2020,321),(89,'ESP_001','EMP290',2019,30),(90,'ESP_001','EMP290',2020,14),(91,'ESP_002','EMP234',2019,123),(92,'ESP_002','EMP234',2020,127),(93,'ESP_002','EMP244',2019,294),(94,'ESP_002','EMP244',2020,287),(95,'ESP_002','EMP256',2019,51),(96,'ESP_002','EMP256',2020,41),(97,'ESP_002','EMP267',2019,197),(98,'ESP_002','EMP267',2020,212),(99,'ESP_002','EMP290',2019,16),(100,'ESP_002','EMP290',2020,6),(101,'ESP_003','EMP234',2019,196),(102,'ESP_003','EMP234',2020,198),(103,'ESP_003','EMP244',2019,293),(104,'ESP_003','EMP244',2020,300),(105,'ESP_003','EMP256',2019,95),(106,'ESP_003','EMP256',2020,75),(107,'ESP_003','EMP267',2019,326),(108,'ESP_003','EMP267',2020,328),(109,'ESP_003','EMP290',2019,23),(110,'ESP_003','EMP290',2020,9),(111,'ESP_004','EMP234',2019,162),(112,'ESP_004','EMP234',2020,175),(113,'ESP_004','EMP244',2019,301),(114,'ESP_004','EMP244',2020,310),(115,'ESP_004','EMP256',2019,122),(116,'ESP_004','EMP256',2020,99),(117,'ESP_004','EMP267',2019,249),(118,'ESP_004','EMP267',2020,239),(119,'ESP_004','EMP290',2019,63),(120,'ESP_004','EMP290',2020,40),(121,'ESP_005','EMP234',2019,134),(122,'ESP_005','EMP234',2020,162),(123,'ESP_005','EMP244',2019,427),(124,'ESP_005','EMP244',2020,425),(125,'ESP_005','EMP256',2019,104),(126,'ESP_005','EMP256',2020,79),(127,'ESP_005','EMP267',2019,332),(128,'ESP_005','EMP267',2020,337),(129,'ESP_005','EMP290',2019,49),(130,'ESP_005','EMP290',2020,43),(131,'ESP_006','EMP234',2019,241),(132,'ESP_006','EMP234',2020,249),(133,'ESP_006','EMP244',2019,600),(134,'ESP_006','EMP244',2020,588),(135,'ESP_006','EMP256',2019,166),(136,'ESP_006','EMP256',2020,145),(137,'ESP_006','EMP267',2019,541),(138,'ESP_006','EMP267',2020,533),(139,'ESP_006','EMP290',2019,96),(140,'ESP_006','EMP290',2020,81),(141,'ESP_007','EMP234',2019,88),(142,'ESP_007','EMP234',2020,109),(143,'ESP_007','EMP244',2019,290),(144,'ESP_007','EMP244',2020,294),(145,'ESP_007','EMP256',2019,89),(146,'ESP_007','EMP256',2020,69),(147,'ESP_007','EMP267',2019,219),(148,'ESP_007','EMP267',2020,218),(149,'ESP_007','EMP290',2019,53),(150,'ESP_007','EMP290',2020,33),(151,'ESP_008','EMP234',2019,86),(152,'ESP_008','EMP234',2020,107),(153,'ESP_008','EMP244',2019,223),(154,'ESP_008','EMP244',2020,225),(155,'ESP_008','EMP256',2019,68),(156,'ESP_008','EMP256',2020,42),(157,'ESP_008','EMP267',2019,294),(158,'ESP_008','EMP267',2020,305),(159,'ESP_008','EMP290',2019,16),(160,'ESP_008','EMP290',2020,5);
/*!40000 ALTER TABLE `sales` ENABLE KEYS */;
UNLOCK TABLES;

--
-- Table structure for table `ui`
--

DROP TABLE IF EXISTS `ui`;
/*!40101 SET @saved_cs_client     = @@character_set_client */;
/*!50503 SET character_set_client = utf8mb4 */;
CREATE TABLE `ui` (
  `sales_index` int NOT NULL AUTO_INCREMENT,
  `PROD_CODE` varchar(100) DEFAULT NULL,
  `emp_id` varchar(100) DEFAULT NULL,
  `year` int DEFAULT NULL,
  `week_num` int DEFAULT NULL,
  `quantity` int DEFAULT NULL,
  `Extended_Service_Plan` varchar(100) DEFAULT NULL,
  PRIMARY KEY (`sales_index`)
) ENGINE=InnoDB AUTO_INCREMENT=4 DEFAULT CHARSET=utf8mb4 COLLATE=utf8mb4_0900_ai_ci;
/*!40101 SET character_set_client = @saved_cs_client */;

--
-- Dumping data for table `ui`
--

LOCK TABLES `ui` WRITE;
/*!40000 ALTER TABLE `ui` DISABLE KEYS */;
INSERT INTO `ui` VALUES (1,'PROD_CODE9','ESP_002',2019,8,4,'ESP_003'),(2,'PROD_CODE10','ESP_002',2019,8,4,'ESP_003'),(3,'ESP_002','EMP267',2020,8,9,'ESP_003');
/*!40000 ALTER TABLE `ui` ENABLE KEYS */;
UNLOCK TABLES;
/*!40103 SET TIME_ZONE=@OLD_TIME_ZONE */;

/*!40101 SET SQL_MODE=@OLD_SQL_MODE */;
/*!40014 SET FOREIGN_KEY_CHECKS=@OLD_FOREIGN_KEY_CHECKS */;
/*!40014 SET UNIQUE_CHECKS=@OLD_UNIQUE_CHECKS */;
/*!40101 SET CHARACTER_SET_CLIENT=@OLD_CHARACTER_SET_CLIENT */;
/*!40101 SET CHARACTER_SET_RESULTS=@OLD_CHARACTER_SET_RESULTS */;
/*!40101 SET COLLATION_CONNECTION=@OLD_COLLATION_CONNECTION */;
/*!40111 SET SQL_NOTES=@OLD_SQL_NOTES */;

-- Dump completed on 2021-04-13 22:04:53
